id,max_acc,min_d_gap,min_t_gap
0,0.3091203008500192,0.26844148164499626,7.6210252562222065
1,0.3091203008500192,0.26844148164499626,6.248852316230702
